track_id,prediction,class_name,confidence
1,0,1_Lightweight_UAV,0.9999969005584717
2698,2,3Birds,0.999228835105896
2890,1,2_Small_UAV,0.9999997019767761
